case_id,faa_ors,faa_asn,usgs_pr_id,eia_id,t_state,t_county,t_fips,p_name,p_year,p_tnum,p_cap,t_manu,t_model,t_cap,t_hh,t_rd,t_rsa,t_ttlh,retrofit,retrofit_year,t_conf_atr,t_conf_loc,t_img_date,t_img_srce,xlong,ylat
3108495,48-178030,2019-WTW-9764-OE,,62142.0,TX,Stonewall County,48433,Amadeus,2020.0,96,250.12,GE Wind,GE2.82-127,2820.0,89.0,127.0,12667.69,152.4,0,,3,3,1/28/2021,Digital Globe,-100.515167,33.012295
3061611,48-037361,2016-WTW-4522-OE,,60902.0,TX,Scurry County,48415,Amazon Wind Farm Texas,2017.0,110,253.0,GE Wind,GE2.3-116,2300.0,80.0,116.0,10568.32,138.1,0,,3,3,5/19/2017,Digital Globe,-100.982384,32.875961
3027324,48-015121,2008-ASW-3196-OE,40263.0,,TX,Lubbock County,48303,American Windmill Museum,2005.0,1,0.66,Vestas,V47-0.66,660.0,50.0,47.0,1734.94,73.5,0,,3,3,9/3/2020,Digital Globe,-101.823891,33.580894
3044268,48-030848,2012-WTW-5050-OE,42861.0,58000.0,TX,Kinney County,48271,Anacacho,2012.0,55,99.0,Vestas,V100-1.8,1800.0,80.0,100.0,7853.98,130.1,0,,3,3,11/17/2020,Digital Globe,-100.208794,29.182295
3036080,48-026242,2010-WTW-13447-OE,41378.0,,TX,Denton County,48121,Apogee Stadium Wind,2012.0,3,0.3,Northern Power Systems,NW100,100.0,37.0,21.0,346.36,47.5,0,,3,3,1/1/2012,NAIP,-97.160889,33.202095
3123619,48-191287,2021-WTW-4119-OE,,,TX,Upton County,48461,Appaloosa Run,2022.0,56,,,,,,,,,0,,1,1,3/5/2022,Digital Globe,-101.863762,31.176664
3097859,48-167384,2019-WTW-2869-OE,,63209.0,TX,Coke County,48081,Aviator Wind,2020.0,191,525.02,GE Wind,GE2.72-116,2720.0,90.0,116.0,10568.32,148.1,0,,3,3,8/9/2020,Digital Globe,-100.761009,31.835787
3115175,48-184802,2019-WTW-9836-OE,,64164.0,TX,Throckmorton County,48447,Azure Sky Wind Project,2022.0,79,350.15,Nordex,N149/4800,4800.0,108.0,149.0,17436.63,182.5,0,,3,3,6/20/2022,Digital Globe,-99.235947,33.185543
3048200,48-032387,2013-WTW-4952-OE,,57927.0,TX,Kenedy County,48261,Baffin,2015.0,101,202.0,Gamesa,G97-2.0,2000.0,90.0,97.0,7389.81,138.4,0,,3,3,2/16/2017,Digital Globe,-97.570732,27.208225
3025173,48-020622,2007-ASW-8145-OE,41375.0,57156.0,TX,Jack County,48237,Barton Chapel,2009.0,60,120.0,Gamesa,G87-2.0,2000.0,78.0,87.0,5944.68,121.6,0,,3,3,8/13/2020,Digital Globe,-98.297195,33.104393
3078640,48-133998,2015-WTW-11829-OE,,59972.0,TX,Glasscock County,48173,Bearkat I,2017.0,57,196.65,Vestas,V126-3.45,3450.0,87.0,126.0,12468.98,150.0,0,,3,3,12/1/2019,Digital Globe,-101.635674,31.783373
3095968,48-163104,2018-WTW-14527-OE,,63342.0,TX,Glasscock County,48173,Bearkat II,2020.0,47,162.15,Vestas,V126-3.45,3450.0,87.0,126.0,12468.98,150.0,0,,3,3,12/1/2019,Digital Globe,-101.663643,31.738951
3057669,48-036069,2016-WTW-6732-OE,,60414.0,TX,Castro County,48069,Bethel,2017.0,120,276.0,GE Wind,GE2.3-116,2300.0,80.0,116.0,10568.32,138.1,0,,3,3,7/24/2016,Digital Globe,-102.488541,34.612114
3011127,,,39850.0,54979.0,TX,Howard County,48227,Big Spring I,1999.0,46,34.32,Vestas,V47-0.66,660.0,65.0,47.0,1734.94,88.4,0,,3,3,11/21/2017,Digital Globe,-101.362488,32.176697
3010186,,,38812.0,54979.0,TX,Howard County,48227,Big Spring II,1999.0,4,6.6,Vestas,V66,1750.0,78.0,66.0,3421.19,113.0,0,,3,3,11/21/2017,Digital Globe,-101.399994,32.213795
3119729,48-186771,2019-WTW-10007-OE,,,TX,Bee County,48025,Blackjack Creek,2022.0,50,,,,,,,,,0,,1,3,2/17/2022,Digital Globe,-97.547752,28.28371
3088460,48-146917,2017-WTW-320-OE,,60270.0,TX,Bailey County,48017,Blue Cloud I,2018.0,43,148.35,Vestas,V126-3.45,3450.0,87.0,126.0,12468.98,150.0,0,,3,3,2/4/2019,Digital Globe,-102.645378,34.04734
3044620,48-030782,2021-WTW-4306-OE,41631.0,58372.0,TX,Wilbarger County,48487,Blue Summit,2012.0,85,135.4,GE Wind,GE1.6-82.5,1600.0,80.0,82.5,5345.62,121.3,0,,3,3,1/1/2012,NAIP,-99.349289,34.287495
3088036,48-145935,2018-WTW-13236-OE,,61970.0,TX,Hardeman County,48197,Blue Summit II,2018.0,41,99.36,GE Wind,GE2.5-116,2500.0,90.0,116.0,10568.32,148.1,0,,3,3,11/16/2018,Digital Globe,-99.503616,34.231003
3096417,48-162514,2018-WTW-6143-OE,,62566.0,TX,Hardeman County,48197,Blue Summit III,2019.0,82,200.2,GE Wind,GE2.5-127,2520.0,89.0,127.0,12667.69,152.4,0,,3,3,9/6/2019,Digital Globe,-99.522667,34.177402
3105216,48-027115,2018-WTW-4313-OE,41768.0,57974.0,TX,Archer County,48009,Bobcat Bluff,2012.0,100,162.0,GE Wind,GE1.62-91,1620.0,80.0,91.0,6503.88,125.6,1,2019.0,3,3,8/2/2020,Digital Globe,-98.528992,33.533993
3069281,48-013837,2003-ASW-3799-OE,40074.0,56111.0,TX,Borden County,48033,Brazos Wind Ranch,2003.0,160,160.0,Mitsubishi,MWT62/1.0,1000.0,60.0,61.4,2960.92,90.8,0,,3,3,5/29/2017,Digital Globe,-101.339813,32.944935
3052135,48-034507,2014-WTW-7855-OE,,59734.0,TX,Briscoe County,48045,Briscoe,2015.0,81,150.0,GE Wind,GE1.85-87,1850.0,80.0,87.0,5944.68,123.4,0,,3,3,11/25/2016,Digital Globe,-101.296204,34.367184
3053745,48-037078,2015-WTW-10022-OE,,60145.0,TX,Deaf Smith County,48117,Broadview Energy JN LLC,2017.0,36,82.8,Siemens,SWT-2.3-108,2300.0,80.0,108.0,9160.88,134.1,0,,3,3,2/1/2017,Digital Globe,-102.950966,34.804016
3082620,48-129349,2014-WTW-7702-OE,,59066.0,TX,Willacy County,48489,Bruenning's Breeze,2017.0,76,228.0,Nordex,AW125/3000,3000.0,87.5,125.0,12271.85,150.0,0,,3,3,1/29/2018,Digital Globe,-97.631622,26.524786
3076236,48-134791,2017-WTW-1304-OE,,60983.0,TX,Erath County,48143,Buckthorn,2017.0,29,100.05,Vestas,V126-3.45,3450.0,87.0,126.0,12468.98,150.0,0,,3,3,1/5/2018,Digital Globe,-98.413986,32.367611
3019893,48-016356,2006-ASW-4477-OE,31710.0,56484.0,TX,Nolan County,48353,Buffalo Gap 2,2007.0,155,232.5,GE Wind,GE1.5-77,1500.0,80.0,77.0,4656.63,118.6,0,,3,3,,Bing Maps Aerial,-100.212395,32.374294
3024730,48-020855,2007-ASW-5094-OE,31055.0,56638.0,TX,Nolan County,48353,Buffalo Gap 3,2008.0,74,170.2,Siemens,SWT-2.3-93,2300.0,80.0,93.0,6792.91,126.5,0,,3,3,2/26/2019,Digital Globe,-100.170692,32.286896
3016826,48-015428,2005-ASW-6819-OE,31293.0,56240.0,TX,Taylor County,48441,Buffalo Gap Wind Farm,2005.0,67,120.6,Vestas,V80-1.8,1800.0,78.0,80.0,5026.55,118.0,0,,3,3,2/26/2019,Digital Globe,-100.059593,32.305195
3024029,48-022743,2007-ASW-11977-OE,40143.0,56956.0,TX,Borden County,48033,Bull Creek,2008.0,180,180.0,Mitsubishi,MWT62/1.0,1000.0,69.0,61.4,2960.92,99.7,0,,3,3,2/22/2022,Digital Globe,-101.579453,32.95216
3082226,48-135841,2016-WTW-4262-OE,,61001.0,TX,Concho County,48095,Cactus Flats,2018.0,43,148.35,Vestas,V126-3.45,3450.0,87.0,126.0,12468.98,150.0,0,,3,3,5/12/2018,Digital Globe,-99.98391,31.106905
3085705,48-015082,2016-WTW-8788-OE,31395.0,56270.0,TX,Taylor County,48441,Callahan Divide,2017.0,76,114.0,GE Wind,GE1.5-87,1500.0,80.0,87.0,5944.68,123.4,1,2017.0,2,3,12/14/2017,Digital Globe,-99.999428,32.313335
3051914,48-034738,2014-WTW-7391-OE,,59118.0,TX,Cameron County,48061,Cameron,2015.0,55,165.0,Acciona,AW125/3000,3000.0,87.5,125.0,12271.85,150.0,0,,3,3,1/22/2017,Digital Globe,-97.476883,26.199835
3019584,48-016535,2012-WTW-8577-OE,32736.0,56506.0,TX,Scurry County,48415,Camp Springs,2007.0,87,130.5,GE Wind,GE1.5-77,1500.0,80.0,77.0,4656.63,118.6,0,,3,3,11/26/2020,Digital Globe,-100.802994,32.768696
3024183,48-020591,2012-WTW-8673-OE,32657.0,56775.0,TX,Scurry County,48415,Camp Springs II,2008.0,59,88.5,GE Wind,GE1.5-77,1500.0,80.0,77.0,4656.63,118.6,0,,3,3,5/19/2017,Digital Globe,-100.836288,32.730293
3092666,48-158540,2015-WTW-4964-OE,,63030.0,TX,Oldham County,48359,Canadian Breaks,2019.0,87,200.1,Siemens,SWT-2.3-108,2300.0,80.0,108.0,9160.88,134.1,0,,3,3,11/8/2020,Digital Globe,-102.343094,35.211285
3084360,48-021303,2017-WTW-13621-OE,38851.0,56763.0,TX,Sterling County,48431,Capricorn Ridge,2017.0,207,361.7,GE Wind,GE1.5-91,1500.0,80.0,91.0,6503.88,125.6,1,2017.0,2,3,11/18/2017,Digital Globe,-100.827995,31.876196
3084753,48-017266,2017-WTW-13587-OE,39278.0,56763.0,TX,Sterling County,48431,Capricorn Ridge expansion,2017.0,199,298.5,GE Wind,GE1.5-91,1500.0,80.0,91.0,6503.88,125.6,1,2017.0,2,3,11/14/2017,Digital Globe,-100.932892,31.954695
3033448,48-024222,2021-WTW-9017-OE,42254.0,57260.0,TX,Webb County,48479,Cedro Hill,2010.0,100,150.0,GE Wind,GE1.5-82.5,1500.0,80.0,82.5,5345.62,121.3,0,,3,3,10/10/2019,Digital Globe,-98.95359,27.534695
3024980,48-021448,2021-WTW-7625-OE,31763.0,56592.0,TX,Nolan County,48353,Champion,2008.0,55,126.5,Siemens,SWT-2.3-93,2300.0,80.0,93.0,6792.91,126.5,0,,3,3,,Bing Maps Aerial,-100.636688,32.396996
3063474,48-037599,2015-WTW-9547-OE,,59193.0,TX,Nueces County,48355,Chapman Ranch,2017.0,81,249.08,Nordex,AW125/3000,3075.0,87.5,125.0,12271.85,150.0,0,,3,3,6/15/2017,Digital Globe,-97.51088,27.627743
3044267,48-027048,2012-WTW-9569-OE,41013.0,58162.0,TX,Lynn County,48305,Cirrus 1,2012.0,17,61.2,China Creative Wind Energy,CCWE3.60-116,3600.0,82.0,116.0,10568.32,139.9,0,,3,3,11/24/2017,Digital Globe,-101.691895,33.033092
3053871,48-036654,2015-WTW-10278-OE,,60210.0,TX,Floyd County,48153,Cotton Plains Wind,2017.0,21,50.4,GE Wind,GE2.4-107,2400.0,80.0,107.0,8992.02,133.5,0,,3,3,2/10/2017,Digital Globe,-101.229233,33.973354
3106305,48-177995,2018-WTW-11516-OE,,63655.0,TX,Scurry County,48415,Coyote,2021.0,42,189.0,Siemens Gamesa Renewable Energy,SG-4.5-145,4500.0,107.5,145.0,16513.0,180.1,0,,3,3,11/26/2020,Digital Globe,-100.892105,32.849789
3094479,48-159417,2018-WTW-2133-OE,,62416.0,TX,Refugio County,48391,Cranell,2020.0,100,220.0,Vestas,V120-2.2,2200.0,92.0,120.0,11309.73,152.1,0,,3,3,1/20/2020,Digital Globe,-97.435402,28.150736
3028554,48-024514,2008-WTW-2907-OE,40654.0,57263.0,TX,Hutchinson County,48233,DeWind Little Pringle #1,2010.0,5,10.0,DeWind,D8.2,2000.0,80.0,80.0,5026.55,120.1,0,,3,3,,Bing Maps Aerial,-101.529594,35.912895
3028548,48-024577,2008-WTW-2900-OE,40684.0,57264.0,TX,Hutchinson County,48233,DeWind Little Pringle #2,2010.0,5,10.0,DeWind,D8.2,2000.0,80.0,80.0,5026.55,120.1,0,,3,3,,Bing Maps Aerial,-101.539894,35.952995
3085684,48-012492,2017-WTW-10172-OE,43146.0,55992.0,TX,Pecos County,48371,Desert Sky,2001.0,86,129.0,GE Wind,GE1.5-82.5,1500.0,65.0,82.5,5345.62,106.4,1,2018.0,3,3,4/20/2018,Digital Globe,-102.157455,30.931273
3088524,48-012326,2017-WTW-10111-OE,43060.0,55992.0,TX,Pecos County,48371,Desert Sky Repower,2001.0,21,38.67,GE Wind,GE1.85-87.5,1850.0,80.0,87.5,6013.2,123.7,1,2018.0,2,3,5/13/2018,Digital Globe,-102.07634,30.915995
3101811,48-174949,2018-WTW-3093-OE,,62909.0,TX,Willacy County,48489,East Raymond,2020.0,91,200.0,Vestas,V120-2.2,2200.0,92.0,120.0,11309.73,152.1,0,,3,3,5/27/2020,Digital Globe,-97.66098,26.369404
3118988,48-186765,2019-WTW-1766-OE,,64591.0,TX,San Patricio County,48409,El Algodon Alto Wind Farm,2022.0,91,200.2,Vestas,V120-2.2,2200.0,92.0,120.0,11309.73,152.0,0,,3,3,1/30/2022,Digital Globe,-97.658638,28.005413
3101136,48-166852,2018-WTW-13729-OE,,62765.0,TX,Knox County,48275,El Campo,2020.0,67,242.8,Vestas,V150-4.2,4200.0,105.0,150.0,17671.46,180.1,0,,3,1,1/31/2019,Digital Globe,-99.703583,33.719662
3104478,48-022578,2018-WTW-3402-OE,39742.0,56783.0,TX,Howard County,48227,Elbow Creek Wind Farm,2008.0,53,121.9,Siemens Gamesa Renewable Energy,SG-2.3-108,2300.0,80.0,108.0,9160.88,134.1,1,2019.0,3,3,1/12/2018,Digital Globe,-101.415588,32.126293
3055236,48-036321,2015-WTW-7332-OE,,60338.0,TX,Wilbarger County,48487,Electra Wind,2016.0,100,230.0,GE Wind,GE2.3-116,2300.0,80.0,116.0,10568.32,138.1,0,,3,3,1/29/2017,Digital Globe,-99.029976,34.126423
3119651,48-171855,2018-WTW-6092-OE,,64639.0,TX,Knox County,48275,Escalade,2022.0,65,336.0,Vestas,V150-4.2,4200.0,119.0,150.0,17671.46,194.0,0,,3,1,9/20/2011,Digital Globe,-99.617332,33.71727
3082283,48-020669,2007-ASW-8946-OE,40637.0,56835.0,TX,Moore County,48341,Exelon Wind 11,2009.0,8,10.0,Suzlon,S64-1.25,1250.0,73.0,64.0,3216.99,105.0,0,,3,3,12/18/2017,Digital Globe,-101.989929,35.808182
3050156,48-035054,2014-WTW-1116-OE,,60856.0,TX,Randall County,48381,Falvez Astra,2017.0,68,163.2,GE Wind,GE2.4-107,2400.0,80.0,107.0,8992.02,133.5,0,,3,3,5/2/2017,Digital Globe,-102.0252,34.780697
3123442,48-194007,2021-WTW-4861-OE,,,TX,Hansford County,48195,Firewheel Wind,2022.0,286,,,,,,,,,0,,1,3,8/29/2022,Digital Globe,-101.452225,36.321106
3082339,48-132949,2015-WTW-6167-OE,,61212.0,TX,Mills County,48333,Flat Top,2018.0,100,200.0,Vestas,V110-2.0,2000.0,95.0,110.0,9503.32,150.0,0,,3,3,12/25/2019,Digital Globe,-98.600922,31.675766
3066551,48-133766,2015-WTW-1687-OE,,59245.0,TX,Scurry County,48415,Fluvanna I,2017.0,74,155.4,Gamesa,G114-2.1,2100.0,80.0,114.0,10207.03,136.9,0,,3,3,4/29/2018,Digital Globe,-101.119637,32.844955
3093233,48-160440,2019-WTW-3866-OE,,61402.0,TX,Foard County,48155,Foard City,2019.0,139,350.28,GE Wind,GE2.5-127,2520.0,89.0,127.0,12667.69,152.4,0,,3,3,1/5/2020,Google Earth,-99.717888,33.875668
3019304,48-016165,2022-WTW-7910-OE,39595.0,56394.0,TX,Sterling County,48431,Forest Creek Wind Project,2006.0,54,124.2,Siemens,SWT-2.3-93,2300.0,80.0,93.0,6792.91,126.5,0,,3,3,3/24/2021,Digital Globe,-101.226395,32.015896
3071521,,2010-WTW-13198-OE,41011.0,57517.0,TX,Hansford County,48195,Frisco,2012.0,10,20.0,DeWind,D8.2,2000.0,80.0,80.0,5026.55,120.0,0,,3,3,7/15/2016,Digital Globe,-101.611992,36.498505
3043809,48-026701,2012-WTW-1847-OE,,,TX,Gaines County,48165,Gaines Cavern Wind Project,2012.0,1,2.0,Gamesa,G97-2.0,2000.0,78.0,97.0,7389.81,126.5,0,,3,3,10/27/2016,Digital Globe,-103.062454,32.688553
3024449,48-020483,2007-ASW-3860-OE,39284.0,56754.0,TX,Coke County,48081,Goat Phase I,2008.0,80,80.0,Mitsubishi,MWT62/1.0,1000.0,69.0,61.4,2960.92,99.7,0,,3,3,11/14/2017,Digital Globe,-100.809692,31.955595
3024534,48-023079,2007-ASW-3948-OE,39248.0,56754.0,TX,Coke County,48081,Goat Phase II,2009.0,29,69.6,Mitsubishi,MWT92/2.4,2400.0,80.0,92.0,6647.61,125.9,0,,3,3,2/6/2021,Digital Globe,-100.785393,31.951694
3036387,48-025925,2010-WTW-16397-OE,40417.0,57866.0,TX,Oldham County,48359,Golden Spread Panhandle Wind Ranch,2011.0,34,78.2,Siemens,SWT-2.3-101,2300.0,80.0,101.0,8011.85,130.5,0,,3,3,11/8/2020,Digital Globe,-102.206291,35.238693
3048749,48-031644,2013-WTW-8795-OE,,58321.0,TX,Mills County,48333,Goldthwaite,2013.0,83,141.1,GE Wind,GE1.7-100,1700.0,80.0,100.0,7853.98,130.1,0,,3,3,3/3/2016,Digital Globe,-98.551292,31.414244
3093162,48-159160,2017-WTW-1217-OE,,61417.0,TX,Scurry County,48415,Gopher Creek Wind Farm,2019.0,79,158.0,Vestas,V116-2.0,2000.0,94.0,116.0,10568.32,152.1,0,,3,3,9/6/2020,Digital Globe,-101.170204,32.885754
3045836,48-032854,2013-WTE-13266-OE,,58596.0,TX,Carson County,48065,Grandview I,2014.0,118,211.22,GE Wind,GE1.79-100,1790.0,80.0,100.0,7853.98,130.1,0,,3,3,8/10/2016,Digital Globe,-101.274063,35.273163
3050585,48-035617,2014-WTW-2997-OE,,59068.0,TX,Carson County,48065,Grandview II (Colbeck's Corner),2016.0,112,200.48,GE Wind,GE1.79-100,1790.0,80.0,100.0,7853.98,130.1,0,,3,3,2/23/2017,Digital Globe,-101.178604,35.295902
3052304,48-033092,2014-WTW-8877-OE,,59732.0,TX,Baylor County,48023,Green Pastures I,2015.0,50,150.0,Acciona,AW116/3000,3000.0,92.0,116.0,10568.32,150.0,0,,3,3,11/18/2015,Digital Globe,-99.362335,33.620354
3051212,48-032031,2014-WTW-5697-OE,,59733.0,TX,Knox County,48275,Green Pastures II,2015.0,50,150.0,Acciona,AW116/3000,3000.0,92.0,116.0,10568.32,150.0,0,,3,3,11/18/2015,Digital Globe,-99.501083,33.664936
3112214,48-185369,2017-WTW-4093-OE,,62411.0,TX,Knox County,48275,Griffin Trail Wind,2021.0,80,225.6,GE Wind,GE2.82-127,2820.0,89.0,127.0,12667.69,152.4,0,,3,3,8/5/2021,Digital Globe,-99.583527,33.646641
3112937,48-021793,2018-WTW-1864-OE,,56661.0,TX,Kenedy County,48261,Gulf Wind,2009.0,118,283.2,Mitsubishi,MWT92/2.4,2400.0,80.0,92.0,6647.61,125.9,0,,2,3,10/28/2020,Digital Globe,-97.594582,26.935011
3112878,,,,56661.0,TX,Kenedy County,48261,Gulf Wind Repower,2021.0,118,271.4,Siemens,SWT-2.3-108,2300.0,80.0,108.0,9160.88,134.1,0,,3,3,10/29/2021,Digital Globe,-97.56604,26.946102
3052335,48-035330,2016-WTW-2123-OE,,56776.0,TX,Howard County,48227,Gunsight,2016.0,67,119.93,GE Wind,GE1.79-100,1790.0,80.0,100.0,7853.98,130.1,0,,3,3,12/31/2016,Digital Globe,-101.410255,32.485909
3024881,48-021568,2007-ASW-5853-OE,41257.0,56823.0,TX,Shackelford County,48417,Hackberry,2008.0,72,165.6,Siemens,SWT-2.3-93,2300.0,80.0,93.0,6792.91,126.5,0,,3,3,,Bing Maps Aerial,-99.498894,32.766193
3091931,48-155674,2018-WTW-8260-OE,,59247.0,TX,Hale County,48189,Hale Wind,2019.0,239,478.0,Vestas,V116-2.0,2000.0,94.0,116.0,10568.32,152.1,0,,3,3,9/19/2019,Digital Globe,-101.741409,33.966728
3033396,48-026205,2009-WTW-6379-OE,48850.0,58424.0,TX,Nueces County,48355,Harbor Wind,2012.0,6,9.0,Guodian,UP1500,1500.0,80.0,82.0,5281.02,121.0,0,,3,3,7/31/2017,Digital Globe,-97.442268,27.832117
3099288,48-170996,2018-WTW-14419-OE,,61032.0,TX,McCulloch County,48307,Heart of Texas,2020.0,64,179.88,GE Wind,GE2.82-127,2820.0,89.0,127.0,12667.69,152.4,0,,3,3,11/13/2020,Digital Globe,-99.44191,31.240932
3119373,48-187109,2020-WTW-6790-OE,,,TX,Bee County,48025,Helena Energy Center,2022.0,66,264.0,Vestas,V150-4.0,4000.0,105.0,150.0,17671.46,180.0,0,,3,3,2/17/2022,Digital Globe,-97.909721,28.624311
3119458,48-187070,2020-WTW-6809-OE,,,TX,Bee County,48025,Helena Wind,2022.0,66,264.0,Vestas,V150-4.0,4000.0,105.0,150.0,17671.46,180.0,0,,3,3,2/17/2022,Digital Globe,-97.971733,28.561995
3047474,48-032587,2013-WTW-12154-OE,,58773.0,TX,Deaf Smith County,48117,Hereford 1,2014.0,104,199.9,GE Wind,GE1.85-87,1850.0,80.0,87.0,5944.68,123.4,0,,3,3,7/24/2016,Digital Globe,-102.234642,34.776814
3047080,48-036208,2013-WTW-10573-OE,,57617.0,TX,Hidalgo County,48215,Hidalgo,2016.0,75,150.0,Vestas,V110-2.0,2000.0,80.0,110.0,9503.32,135.0,0,,3,3,2/20/2017,Digital Globe,-98.421509,26.504971
3057554,48-036461,2016-WTW-4992-OE,,57617.0,TX,Hidalgo County,48215,Hidalgo II,2016.0,50,100.0,Vestas,V110-2.0,2000.0,80.0,110.0,9503.32,135.0,0,,3,3,2/20/2017,Digital Globe,-98.357986,26.477373
3098761,48-166609,2019-WTW-3390-OE,,62562.0,TX,Upton County,48461,High Lonesome,2019.0,142,449.94,Nordex,AW132/3300,3300.0,84.0,132.0,13684.78,150.0,0,,3,3,8/29/2020,Digital Globe,-101.905884,31.167469
3097047,48-165372,2018-WTW-13537-OE,,62562.0,TX,Upton County,48461,High Lonesome Expansion,2020.0,22,50.6,GE Wind,GE2.3-116,2300.0,80.0,116.0,10568.32,138.1,0,,3,3,12/1/2019,Digital Globe,-101.983086,31.171789
3055036,48-035919,2015-WTW-6470-OE,,60339.0,TX,Haskell County,48207,Horse Creek Wind,2016.0,100,230.0,GE Wind,GE2.3-116,2300.0,80.0,116.0,10568.32,138.1,0,,3,3,6/28/2017,Digital Globe,-99.519753,33.306881
3066747,48-017114,2016-WTW-9071-OE,30730.0,56291.0,TX,Taylor County,48441,Horse Hollow Expansion,2017.0,140,210.0,GE Wind,GE1.5-87,1500.0,80.0,87.0,5944.68,123.4,1,2017.0,2,3,2/26/2019,Digital Globe,-100.023621,32.243374
3079705,48-016047,2016-WTW-9323-OE,30984.0,56291.0,TX,Nolan County,48353,Horse Hollow II,2017.0,130,299.0,Siemens Gamesa Renewable Energy,SG-2.3-108,2300.0,80.0,108.0,9160.88,134.1,1,2017.0,2,3,2/26/2019,Digital Globe,-100.186302,32.277683
3067125,48-015718,2016-WTW-9008-OE,30791.0,56291.0,TX,Nolan County,48353,Horse Hollow III,2017.0,149,223.5,GE Wind,GE1.5-87,1500.0,80.0,87.0,5944.68,123.4,1,2017.0,2,3,4/9/2019,Digital Globe,-100.300301,32.253178
3065602,48-015333,2016-WTW-9061-OE,30750.0,56291.0,TX,Taylor County,48441,Horse Hollow Wind Energy Center,2017.0,140,210.0,GE Wind,GE1.5-87,1500.0,80.0,87.0,5944.68,123.4,1,2017.0,2,3,2/26/2019,Digital Globe,-100.113472,32.246334
3112266,48-176923,2020-WTW-5585-OE,,65048.0,TX,Hill County,48217,Hubbard,2021.0,108,301.36,GE Wind,GE2.82-127,2820.0,90.0,127.0,12667.69,153.6,0,,3,3,11/23/2021,Digital Globe,-96.924332,31.78742
3023756,48-023613,2007-ASW-11085-OE,32142.0,56984.0,TX,Nolan County,48353,Inadale (Roscoe IV),2009.0,197,197.0,Mitsubishi,MWT62/1.0,1000.0,69.0,61.4,2960.92,99.7,0,,3,3,,Bing Maps Aerial,-100.530891,32.477894
3090693,48-012832,2000-ASW-6516-OE,43191.0,55747.0,TX,Pecos County,48371,Indian Mesa,2001.0,125,82.5,Gamesa,G47-0.66,660.0,50.0,47.0,1734.94,73.5,1,2018.0,3,3,2/2/2021,Digital Globe,-102.176491,30.937195
3014489,48-013807,2003-ASW-4825-OE,40813.0,56225.0,TX,Hansford County,48195,Indian Mesa / Aeolus,2003.0,1,3.0,Vestas,V90-3.0,3000.0,80.0,90.0,6361.73,125.0,0,,3,3,,Bing Maps Aerial,-101.327888,36.472694
3114971,48-187292,2020-WTW-283-OE,,,TX,Haskell County,48207,Inertia Wind Project,2021.0,96,,,,,,,,,0,,1,1,7/23/2021,Digital Globe,-99.477951,33.268082
3024233,48-020679,2007-ASW-1625-OE,40638.0,56836.0,TX,Moore County,48341,JD WInd 9,2008.0,8,10.0,Suzlon,S64,1250.0,72.0,64.0,3216.99,103.9,0,,3,3,,Bing Maps Aerial,-101.994492,35.808193
3024592,48-020295,2007-ASW-463-OE,40693.0,56839.0,TX,Moore County,48341,JD Wind 10,2008.0,8,10.0,Suzlon,S64,1250.0,72.0,64.0,3216.99,103.9,0,,3,3,,Bing Maps Aerial,-101.801193,35.961395
3024234,48-020678,2007-ASW-1631-OE,40645.0,56836.0,TX,Moore County,48341,JD Wind 11,2009.0,8,10.0,Suzlon,S64,1250.0,74.5,64.0,3216.99,106.4,0,,3,3,,Bing Maps Aerial,-101.978889,35.811993
3019347,48-016128,2006-ASW-2174-OE,40761.0,56560.0,TX,Hansford County,48195,JD Wind 4,2008.0,38,79.8,Suzlon,S88,2100.0,79.0,88.0,6082.12,123.1,0,,3,3,3/1/2022,Digital Globe,-101.373688,36.412094
3025179,48-020307,2007-ASW-9006-OE,40712.0,56838.0,TX,Moore County,48341,JD Wind 7,2009.0,8,10.0,Suzlon,S64,1250.0,74.5,64.0,3216.99,106.4,0,,3,3,,Bing Maps Aerial,-101.851692,35.995495
3024544,48-020301,2007-ASW-4008-OE,40724.0,56837.0,TX,Moore County,48341,JD Wind 8,2009.0,8,10.0,Suzlon,S64,1250.0,74.5,64.0,3216.99,106.4,0,,3,3,,Bing Maps Aerial,-101.887688,36.025993
3019417,48-016000,2006-ASW-2572-OE,40781.0,56561.0,TX,Sherman County,48421,JD Wind Phase V,2006.0,8,10.0,Suzlon,S64,1250.0,73.0,64.0,3216.99,104.9,0,,3,3,,Bing Maps Aerial,-101.874092,36.445496
3019644,48-016011,2006-ASW-3394-OE,40810.0,56562.0,TX,Sherman County,48421,JD Wind VI,2007.0,8,10.0,Suzlon,S64,1250.0,72.0,64.0,3216.99,103.9,0,,3,3,,Bing Maps Aerial,-101.810287,36.466995
3054398,48-034646,2015-WTW-2983-OE,,60104.0,TX,Webb County,48479,Javelina,2015.0,126,249.69,GE Wind,GE2.0-116,2000.0,94.0,116.0,10568.32,152.1,0,,2,3,7/3/2016,Digital Globe,-98.949715,27.342726
3057769,48-036690,2016-WTW-9801-OE,,60645.0,TX,Webb County,48479,Javelina II,2016.0,100,200.0,GE Wind,GE2.0-116,2000.0,94.0,116.0,10568.32,152.1,0,,3,3,5/19/2017,Digital Globe,-98.887169,27.481346
3098551,48-167280,2019-WTW-1391-OE,,62630.0,TX,Andrews County,48003,Jumbo Hill,2020.0,57,160.74,GE Wind,GE2.82-127,2820.0,89.0,127.0,12667.69,152.4,0,,3,3,10/4/2020,Digital Globe,-102.95652,32.404514
3051415,48-033531,2014-WTW-6139-OE,,59621.0,TX,Castro County,48069,Jumbo Road,2015.0,162,299.7,GE Wind,GE1.85-87,1850.0,80.0,87.0,5944.68,123.4,0,,3,3,11/11/2016,Digital Globe,-102.206482,34.689896
3092674,48-157979,2018-WTW-890-OE,,61343.0,TX,San Patricio County,48409,Karankawa,2019.0,124,307.46,GE Wind,GE2.3-116,2300.0,90.0,116.0,10568.32,148.1,0,,3,3,8/25/2019,Digital Globe,-97.817505,28.170174
3048394,48-032801,2013-WTW-7582-OE,,58838.0,TX,Jack County,48237,Keechi,2015.0,55,110.0,Vestas,V100-2.0,2000.0,95.0,100.0,7853.98,145.1,0,,3,3,2/15/2017,Digital Globe,-98.17334,33.142056
3090729,48-013462,2000-ASW-6683-OE,43635.0,55581.0,TX,Upton County,48461,King Mtn. Wind Ranch,2001.0,214,278.2,Siemens Gamesa Renewable Energy,SG-1.3-65,1300.0,60.0,65.0,3318.31,92.4,1,2018.0,3,3,3/28/2017,Digital Globe,-102.229988,31.246796
3101995,48-174746,2018-WTW-14064-OE,,63624.0,TX,Cameron County,48061,La Chalupa,2021.0,62,195.3,Nordex,AW125/3150,3150.0,87.5,125.0,12271.85,150.0,0,,3,3,7/31/2020,Digital Globe,-97.499306,26.204399
3123587,48-193031,2021-WTW-1085-OE,,,TX,Glasscock County,48173,Lacy Creek,2022.0,108,,,,,,,,,0,,1,3,3/26/2022,Digital Globe,-101.342972,31.765388
3121985,48-023363,2020-WTW-448-OE,42555.0,57153.0,TX,Schleicher County,48413,Langford,2009.0,100,160.0,GE Wind,GE1.6-91,1600.0,80.0,91.0,6503.88,125.6,1,2020.0,3,3,8/9/2020,Digital Globe,-100.686295,31.085396
3105904,48-171564,2019-WTW-8038-OE,,63101.0,TX,Zapata County,48505,Las Lomas,2020.0,48,201.6,Goldwind Americas,GW155 - 4.2S,4200.0,110.0,155.0,18869.19,187.5,0,,3,3,2/24/2021,Digital Globe,-99.028786,26.727398
3102330,48-175012,2018-WTW-3675-OE,,63739.0,TX,Willacy County,48489,Las Majadas,2020.0,64,139.8,Vestas,V120-2.2,2200.0,92.0,120.0,11309.73,152.1,0,,3,3,8/7/2022,Digital Globe,-97.471443,26.368528
3089203,48-147148,2017-WTW-8649-OE,,61782.0,TX,Schleicher County,48413,Live Oak,2018.0,76,199.5,Siemens Gamesa Renewable Energy,SG-2.625-120,2625.0,85.0,120.0,11309.73,145.1,0,,3,3,7/25/2019,Google Earth,-100.696259,31.045731
3013616,48-013096,2014-WTW-1046-OE,40601.0,55579.0,TX,Carson County,48065,Llano Estacado Wind Ranch at White Deer,2001.0,80,80.0,Mitsubishi,MWT1000,1000.0,69.0,57.0,2551.76,97.5,0,,3,3,11/29/2017,Digital Globe,-101.235588,35.467693
3092044,48-156711,2018-WTW-6215-OE,,62356.0,TX,Wilbarger County,48487,Lockett,2019.0,75,183.75,GE Wind,GE2.5-127,2450.0,89.0,127.0,12667.69,152.4,0,,3,3,8/9/2019,Google Earth,-99.180214,34.103115
3054581,48-034203,2015-WTW-4879-OE,,59442.0,TX,Comanche County,48093,Logan's Gap Wind,2015.0,87,200.1,Siemens,SWT-2.3-108,2300.0,80.0,108.0,9160.88,134.1,0,,3,3,8/21/2015,Digital Globe,-98.667351,31.848385
3016798,48-015919,2020-WTW-6478-OE,41184.0,56395.0,TX,Shackelford County,48417,Lone Star I,2007.0,100,200.0,Gamesa,G83-2.0,2000.0,78.0,83.0,5410.61,119.5,0,,3,3,,Bing Maps Aerial,-99.466789,32.592495
3019908,48-016927,2020-WTW-6565-OE,41150.0,56483.0,TX,Shackelford County,48417,Lone Star II,2007.0,22,44.0,Gamesa,G87-2.0,2000.0,78.0,87.0,5944.68,121.6,0,,3,3,,Bing Maps Aerial,-99.516594,32.568092
3047353,48-032164,2013-WTW-11669-OE,,58772.0,TX,Floyd County,48153,Longhorn,2015.0,100,200.0,Vestas,V100-2.0,2000.0,80.0,100.0,7853.98,130.1,0,,3,3,1/28/2017,Digital Globe,-101.222733,34.283894
3029186,48-023798,2012-WTW-2121-OE,31967.0,57303.0,TX,Mitchell County,48335,Loraine,2010.0,67,100.5,GE Wind,GE1.5-77,1500.0,80.0,77.0,4656.63,118.6,0,,3,3,1/1/2012,NAIP,-100.756592,32.441795
3029214,48-024865,2012-WTW-2150-OE,31855.0,57303.0,TX,Mitchell County,48335,Loraine II,2011.0,33,49.5,GE Wind,GE1.5-82.5,1500.0,80.0,82.5,5345.62,121.3,0,,3,3,1/1/2012,NAIP,-100.675293,32.425095
3088392,48-145928,2017-WTW-9203-OE,,59244.0,TX,Crosby County,48107,Lorenzo Winds,2018.0,36,80.46,GE Wind,GE1.715-103,1715.0,80.0,103.0,8332.29,131.4,0,,3,3,3/20/2021,Digital Globe,-101.443008,33.78159
3041524,48-030829,2011-WTW-9641-OE,42802.0,57751.0,TX,Willacy County,48489,Los Vientos I,2012.0,87,200.1,Siemens,SWT-2.3-108,2300.0,98.1,108.0,9160.88,152.1,0,,3,3,11/16/2016,Digital Globe,-97.564095,26.357595
3041651,48-026557,2011-WTW-9801-OE,42691.0,57752.0,TX,Willacy County,48489,Los Vientos II,2012.0,84,201.6,Mitsubishi,MWT102/2.4,2400.0,90.0,102.0,8171.28,141.1,0,,3,3,4/29/2017,Digital Globe,-97.635994,26.340496
3048773,48-032980,2013-WTW-9227-OE,,59320.0,TX,Starr County,48427,Los Vientos III,2015.0,100,200.0,Vestas,V110-2.0,2000.0,95.0,110.0,9503.32,150.0,0,,3,3,2/20/2017,Digital Globe,-98.609032,26.531055
3051518,48-035812,2014-WTW-6550-OE,,59321.0,TX,Starr County,48427,Los Vientos IV,2016.0,100,200.0,Vestas,V110-2.0,2000.0,95.0,110.0,9503.32,150.0,0,,3,3,2/20/2017,Digital Globe,-98.717484,26.524622
3052083,48-034777,2014-WTW-7789-OE,,60059.0,TX,Starr County,48427,Los Vientos V,2015.0,55,110.0,Vestas,V110-2.0,2000.0,95.0,110.0,9503.32,150.0,0,,3,3,2/20/2017,Digital Globe,-98.571884,26.372885
3032455,48-025069,2009-WTW-1437-OE,40261.0,57259.0,TX,Lubbock County,48303,Lubbock Wind Ranch,2010.0,1,2.5,Samsung,S2.5-90,2500.0,80.0,90.0,6361.73,125.0,0,,3,3,12/4/2020,Digital Globe,-101.762093,33.569294
3041165,48-026450,2011-WTW-5366-OE,41924.0,57802.0,TX,Willacy County,48489,Magic Valley,2012.0,112,203.28,Vestas,V100-1.82,1815.0,80.0,100.0,7853.98,130.1,0,,3,3,12/16/2018,Digital Globe,-97.687996,26.463297
3122043,48-021922,2019-WTW-11646-OE,40503.0,56648.0,TX,Carson County,48065,Majestic,2009.0,53,84.8,GE Wind,GE1.6-91,1600.0,80.0,91.0,6503.88,125.6,1,2020.0,3,3,,Bing Maps Aerial,-101.539894,35.366894
3043884,48-026763,2012-WTW-2291-OE,40909.0,58363.0,TX,Carson County,48065,Majestic II,2012.0,51,79.6,GE Wind,GE1.5-82.5,1500.0,80.0,82.5,5345.62,121.3,0,,3,3,1/1/2012,NAIP,-101.596191,35.368694
3051944,48-035456,2014-WTW-7426-OE,,59005.0,TX,Parmer County,48369,Mariah North Wind,2016.0,96,230.4,GE Wind,GE2.4-107,2400.0,80.0,107.0,8992.02,133.5,0,,3,3,7/17/2016,Digital Globe,-102.790405,34.723343
3111272,48-174582,2017-WTW-8217-OE,,62836.0,TX,Nolan County,48353,Maryneal,2021.0,38,182.4,Nordex,N149/4.8,4800.0,108.0,149.0,17436.63,182.6,0,,3,3,1/28/2021,Digital Globe,-100.510948,32.17522
3101935,48-171323,2018-WTW-12197-OE,,62853.0,TX,Concho County,48095,Maverick Creek,2020.0,127,492.0,Vestas,V150-4.2,4200.0,105.0,150.0,17671.46,180.1,0,,3,1,5/12/2018,Digital Globe,-99.945915,31.225849
3043556,48-021024,2019-WTW-8397-OE,40305.0,56773.0,TX,Dickens County,48125,McAdoo,2008.0,100,150.0,GE Wind,GE1.5-77,1500.0,80.0,77.0,4656.63,118.6,0,,3,3,3/6/2019,Digital Globe,-100.926888,33.753994
3048355,48-033749,2013-WTW-7224-OE,,59332.0,TX,Borden County,48033,Mesquite Creek,2015.0,118,211.22,GE Wind,GE1.79-100,1790.0,80.0,100.0,7853.98,130.1,0,,3,3,12/31/2016,Digital Globe,-101.685768,32.689732
3113600,48-185928,2019-WTW-10597-OE,,62809.0,TX,Callahan County,48059,Mesquite Sky,2021.0,69,345.0,Siemens Gamesa Renewable Energy,SG 5.0-145,5000.0,90.0,145.0,16513.0,162.5,0,,3,1,3/26/2021,Digital Globe,-99.48687,32.456543
3098711,48-166617,2018-WTW-13564-OE,,62587.0,TX,Fisher County,48151,Mesquite Star,2020.0,118,418.9,Siemens Gamesa Renewable Energy,SG-3.465-132,3550.0,101.5,132.0,13684.78,167.6,0,,3,3,5/12/2020,Digital Globe,-100.563362,32.532104
3094726,48-162349,2018-WTW-3567-OE,,62258.0,TX,Starr County,48427,Mesteï¿½o,2019.0,56,201.6,Vestas,V136-3.6,3600.0,112.0,136.0,14526.72,180.1,0,,3,3,8/20/2020,Digital Globe,-98.736259,26.547096
3050479,48-031907,2014-WTW-2668-OE,,58765.0,TX,Hemphill County,48211,Miami,2014.0,156,288.6,GE Wind,GE1.85-87,1850.0,80.0,87.0,5944.68,123.4,0,,3,3,1/20/2017,Digital Globe,-100.479034,35.644283
3089914,48-154416,2017-WTW-6815-OE,,61776.0,TX,San Patricio County,48409,Midway,2019.0,47,162.86,Siemens Gamesa Renewable Energy,SG-3.465-132,3465.0,84.0,132.0,13684.78,150.0,0,,3,3,1/28/2019,Digital Globe,-97.356445,27.941887
3071197,,,,,TX,Ellis County,48139,Mountain Peak Special Utility District,2010.0,1,0.1,Northern Power Systems,NPS-100,100.0,,,,,0,,2,3,12/23/2017,Digital Globe,-97.024254,32.421448
3044829,48-030876,2012-WTW-7646-OE,47939.0,58048.0,TX,Kent County,48263,Mozart,2012.0,12,30.0,Nordex,N100,2500.0,80.0,100.0,7853.98,130.1,0,,3,3,10/31/2020,Digital Globe,-100.551895,33.007893
3035665,48-025527,2010-WTW-110-OE,39845.0,,TX,Howard County,48227,NORESCO,2009.0,1,0.1,Northern Power Systems,NPS-100,100.0,,,,,0,,2,3,1/12/2018,Digital Globe,-101.507591,32.227596
3027062,48-021048,2008-ASW-1748-OE,40766.0,56905.0,TX,Hansford County,48195,Noble Great Plains,2009.0,76,114.0,GE Wind,GE1.5-77,1500.0,80.0,77.0,4656.63,118.6,0,,3,3,,Bing Maps Aerial,-101.355392,36.438694
3027138,48-021434,2008-ASW-1972-OE,43842.0,56961.0,TX,Winkler County,48495,Notrees,2009.0,96,152.61,Vestas,V82-1.65,1650.0,80.0,82.0,5281.02,121.0,0,,3,3,1/30/2021,Digital Globe,-102.822792,32.026997
3027028,48-022460,2008-ASW-1610-OE,39751.0,56959.0,TX,Howard County,48227,Ocotillo,2008.0,28,58.8,Suzlon,S88,2100.0,79.0,88.0,6082.12,123.1,0,,3,3,,Bing Maps Aerial,-101.391693,32.130596
3053939,48-036822,2015-WTW-10353-OE,,60366.0,TX,Floyd County,48153,Old Settler Wind,2017.0,63,151.2,GE Wind,GE2.4-107,2400.0,80.0,107.0,8992.02,133.5,0,,3,3,1/28/2017,Digital Globe,-101.180962,34.054874
3027358,48-020697,2008-ASW-4397-OE,40255.0,61848.0,TX,Lubbock County,48303,PYCO Soaring Wind Farm,2008.0,10,10.0,Fuhrlander,FL1000,1000.0,70.0,54.0,2290.22,96.9,0,,3,3,,Bing Maps Aerial,-101.800194,33.552494
3093889,48-160622,2016-WTW-3606-OE,,61773.0,TX,Cameron County,48061,Palmas Altas,2019.0,46,144.9,Nordex,AW125/3150,3150.0,87.5,125.0,12271.85,150.0,0,,3,3,4/28/2020,Digital Globe,-97.469131,26.306606
3047020,48-032891,2013-WTW-10292-OE,,59475.0,TX,Ochiltree County,48357,Palo Duro,2014.0,147,249.9,GE Wind,GE1.7-100,1700.0,80.0,100.0,7853.98,130.1,0,,3,3,7/19/2016,Digital Globe,-101.058502,36.363953
3047951,48-031901,2013-WTW-2580-OE,48948.0,58242.0,TX,Carson County,48065,Panhandle Wind 1,2014.0,118,218.3,GE Wind,GE1.85-87,1850.0,80.0,87.0,5944.68,123.4,0,,3,3,5/6/2017,Digital Globe,-101.287102,35.434982
3048100,48-032681,2013-WTW-3629-OE,,58242.0,TX,Carson County,48065,Panhandle Wind 2,2014.0,79,181.7,Siemens,SWT-2.3-108,2300.0,80.0,108.0,9160.88,134.1,0,,2,3,2/10/2016,Digital Globe,-101.423431,35.412155
3033193,48-031434,2009-WTW-3843-OE,48977.0,58404.0,TX,Carson County,48065,Pantex Renewable Energy Project,2014.0,5,11.5,Siemens,SWT-2.3-101,2300.0,80.0,101.0,8011.85,130.5,0,,3,3,11/27/2020,Digital Globe,-101.525291,35.322693
3104531,48-022130,2018-WTW-5241-OE,39752.0,56921.0,TX,Howard County,48227,Panther Creek I,2008.0,95,153.9,GE Wind,GE1.62-91,1620.0,80.0,91.0,6503.88,125.6,1,2019.0,3,3,,Bing Maps Aerial,-101.453995,32.131794
3104928,48-022789,2018-WTW-5284-OE,39080.0,56920.0,TX,Glasscock County,48173,Panther Creek II,2009.0,77,124.74,GE Wind,GE1.62-87,1620.0,80.0,87.0,5944.68,123.4,1,2019.0,3,3,3/24/2021,Digital Globe,-101.292587,31.930695
3121319,48-022998,2018-WTW-4761-OE,39546.0,56979.0,TX,Sterling County,48431,Panther Creek III,2009.0,133,212.8,GE Wind,GE1.6-91,1600.0,80.0,91.0,6503.88,125.6,1,2021.0,3,3,3/24/2021,Digital Globe,-101.093391,32.005596
3028503,48-023195,2008-WTW-2052-OE,42422.0,56983.0,TX,San Patricio County,48409,Papalote Creek,2009.0,109,179.85,Vestas,V82-1.65,1650.0,80.0,82.0,5281.02,121.0,0,,3,3,2/19/2021,Digital Globe,-97.49469,27.939594
3034010,48-024260,2009-WTW-8870-OE,42495.0,57212.0,TX,San Patricio County,48409,Papalote Creek II,2010.0,87,200.1,Siemens,SWT-2.3-101,2300.0,80.0,101.0,8011.85,130.5,0,,3,3,11/9/2020,Digital Globe,-97.381393,27.971994
3091545,48-155589,2015-WTW-9774-OE,,58614.0,TX,Nueces County,48355,Patriot Wind,2019.0,63,226.05,Vestas,V126-3.45,3450.0,87.0,126.0,12468.98,150.0,0,,3,3,7/17/2019,Digital Globe,-97.621048,27.574463
3034058,48-023956,2009-WTW-947-OE,42116.0,56795.0,TX,Kenedy County,48261,Penescal,2009.0,84,201.6,Mitsubishi,MWT92/2.4,2400.0,80.0,92.0,6647.61,125.9,0,,3,3,7/19/2019,Digital Globe,-97.519791,27.061396
3033375,48-023908,2009-WTW-5857-OE,42179.0,57095.0,TX,Kenedy County,48261,Penescal II,2010.0,84,201.6,Mitsubishi,MWT92/2.4,2400.0,80.0,92.0,6647.61,125.9,0,,3,3,7/17/2019,Digital Globe,-97.574493,27.101295
3095761,48-162294,2018-WTW-4193-OE,,62417.0,TX,Matagorda County,48321,Peyton Creek,2020.0,48,151.2,Nordex,AW125/3150,3150.0,87.5,125.0,12271.85,150.0,0,,3,3,1/4/2020,Digital Globe,-95.885773,28.846165
3040863,48-031528,2011-WTW-1818-OE,48978.0,59417.0,TX,Crosby County,48107,Pleasant Hill,2015.0,11,19.8,Sany,SE9320IIIE,1800.0,80.0,93.0,6792.91,126.5,0,,3,3,1/11/2017,Digital Globe,-101.439392,33.746178
3097742,48-166370,2019-WTW-7148-OE,,63100.0,TX,Limestone County,48293,Prairie Hill,2020.0,100,300.0,Nordex,AW140/3000,3000.0,82.0,140.0,15393.8,152.1,0,,3,3,11/18/2020,Digital Globe,-96.80735,31.599255
3114359,48-185838,2020-WTW-8834-OE,,64165.0,TX,Mills County,48333,Priddy,2022.0,63,302.4,Nordex,N149/4800,4800.0,108.0,149.0,17436.63,182.5,0,,3,3,10/29/2021,Digital Globe,-98.544861,31.478714
3025302,48-021638,2022-WTW-6193-OE,32546.0,56981.0,TX,Scurry County,48415,Pyron (Roscoe III),2009.0,166,249.0,GE Wind,GE1.5-77,1500.0,80.0,77.0,4656.63,118.6,0,,3,3,,Bing Maps Aerial,-100.671593,32.608192
3037202,48-026708,2010-WTW-8726-OE,40895.0,57474.0,TX,Crosby County,48107,Ralls Wind Farm,2011.0,5,10.0,Sany,SE8720IIIE,2000.0,80.0,86.8,5917.38,123.4,0,,3,3,6/27/2018,Digital Globe,-101.394089,33.661293
3091310,48-154607,2018-WTW-11955-OE,,62259.0,TX,Crockett County,48105,Ranchero,2019.0,120,300.0,GE Wind,GE2.5-127,2500.0,89.0,127.0,12667.69,152.4,0,,3,3,7/26/2019,Digital Globe,-101.778465,31.022394
3052299,48-033887,2014-WTW-8813-OE,,59943.0,TX,Glasscock County,48173,Rattlesnake,2015.0,118,207.0,GE Wind,GE1.79-100,1790.0,80.0,100.0,7853.98,130.1,0,,3,3,7/16/2015,Digital Globe,-101.418121,31.656744
3078697,48-130938,2015-WTW-10961-OE,,60743.0,TX,McCulloch County,48307,Rattlesnake Wind,2018.0,64,160.0,Goldwind,GW109,2500.0,90.0,109.0,9331.32,144.5,0,,3,3,5/29/2018,Digital Globe,-99.47937,31.243803
3076857,48-015648,2016-WTW-8862-OE,40229.0,56457.0,TX,Garza County,48169,Red Canyon Wind Energy,2017.0,56,84.0,GE Wind,GE1.5-87,1500.0,80.0,87.0,5944.68,123.4,1,2017.0,2,3,5/29/2017,Digital Globe,-101.219292,32.967182
3109959,48-174382,2019-WTW-7262-OE,,62207.0,TX,Zapata County,48505,Reloj del Sol,2021.0,63,209.4,Nordex,AW132/3465,3465.0,120.0,132.0,13684.78,185.9,0,,3,3,7/23/2021,Digital Globe,-99.332924,27.139015
3091339,48-155631,2017-WTW-7424-OE,,61865.0,TX,Starr County,48427,Rio Bravo,2019.0,66,237.6,Vestas,V136-3.6,3600.0,105.0,136.0,14526.72,173.1,0,,3,3,8/13/2020,Digital Globe,-99.008575,26.673691
3078309,48-037422,2015-WTW-9618-OE,,60217.0,TX,Val Verde County,48465,Rocksprings,2017.0,69,149.34,GE Wind,GE2.3-116,2300.0,80.0,116.0,10568.32,138.1,0,,3,3,12/10/2018,Digital Globe,-100.783669,29.782808
3020233,48-020039,2006-ASW-7245-OE,32073.0,56593.0,TX,Nolan County,48353,Roscoe,2008.0,209,209.0,Mitsubishi,MWT62/1.0,1000.0,69.0,61.4,2960.92,99.7,0,,3,3,,Bing Maps Aerial,-100.65609,32.461094
3055209,48-033926,2015-WTW-7297-OE,,58681.0,TX,Armstrong County,48011,Route 66,2015.0,75,150.0,Vestas,V110-2.0,2000.0,80.0,110.0,9503.32,135.0,0,,3,3,2/27/2017,Digital Globe,-101.496819,35.161583
3098667,48-166745,2018-WTW-13825-OE,,62620.0,TX,Lynn County,48305,Sage Draw,2020.0,120,338.4,GE Wind,GE2.82-127,2820.0,89.0,127.0,12667.69,152.4,0,,3,3,1/27/2020,Digital Globe,-101.598236,33.32933
3055366,48-035246,2015-WTW-7689-OE,,60657.0,TX,Donley County,48129,Salt Fork,2016.0,87,174.0,Vestas,V100-2.0,2000.0,80.0,100.0,7853.98,130.1,0,,3,3,1/19/2017,Digital Globe,-100.875481,35.169502
3054493,48-036534,2015-WTW-3187-OE,,59712.0,TX,Cameron County,48061,San Roman,2016.0,31,93.0,Nordex,AW125/3000,3000.0,87.5,125.0,12271.85,150.0,0,,3,3,2/8/2017,Digital Globe,-97.358604,26.114038
3019334,48-016250,2021-WTW-652-OE,39523.0,56479.0,TX,Glasscock County,48173,Sand Bluff,2007.0,45,90.0,Gamesa,G87-2.0,2000.0,78.0,87.0,5944.68,121.6,0,,3,3,3/24/2021,Digital Globe,-101.35379,31.999596
3067232,48-133809,2016-WTW-9586-OE,,60987.0,TX,Reagan County,48383,Santa Rita,2018.0,120,300.0,GE Wind,GE2.5-116,2500.0,90.0,116.0,10568.32,148.1,0,,3,3,3/23/2019,Digital Globe,-101.30619,31.20085
3092231,48-156463,2018-WTW-7418-OE,,62038.0,TX,Irion County,48235,Santa Rita East,2019.0,120,302.4,GE Wind,GE2.5-127,2520.0,89.0,127.0,12667.69,152.4,0,,3,3,7/18/2019,Digital Globe,-101.107361,31.290703
3045473,48-030962,2012-WTW-9204-OE,41773.0,57981.0,TX,Young County,48503,Senate,2012.0,75,150.0,Gamesa,G90-2.0,2000.0,100.0,90.0,6361.73,145.1,0,,3,3,8/13/2020,Digital Globe,-98.453293,33.215195
3055682,48-035155,2015-WTW-868-OE,,59654.0,TX,Jim Hogg County,48247,Sendero,2015.0,39,78.0,GE Wind,GE2.0-116,2000.0,80.0,116.0,10568.32,138.1,0,,3,3,6/7/2017,Digital Globe,-98.946648,27.180922
3091324,48-154766,2019-WTW-4488-OE,,62227.0,TX,Baylor County,48023,Seymour Hills,2019.0,12,30.24,GE Wind,GE2.5-127,2520.0,89.0,127.0,12667.69,152.4,0,,3,3,6/21/2019,Digital Globe,-99.20076,33.559711
3054729,48-035326,2015-WTW-5227-OE,,59034.0,TX,Clay County,48077,Shannon,2015.0,119,204.09,GE Wind,GE1.715-103,1715.0,80.0,103.0,8332.29,131.4,0,,3,3,2/15/2017,Digital Globe,-98.392288,33.508373
3024818,48-020750,2007-ASW-5638-OE,42995.0,56779.0,TX,Pecos County,48371,Sherbino I,2008.0,50,150.0,Vestas,V90-3.0,3000.0,80.0,90.0,6361.73,125.0,0,,3,3,2/2/2021,Digital Globe,-102.340988,30.835896
3122583,48-031444,2017-WTW-9401-OE,44049.0,57415.0,TX,Pecos County,48371,Sherbino II,2011.0,60,120.0,Vestas,V110-2.0,2000.0,80.0,110.0,9503.32,135.0,1,2020.0,3,3,1/1/2012,NAIP,-102.55249,30.771694
3122618,48-023009,2017-WTW-6553-OE,41029.0,56771.0,TX,Eastland County,48133,Silver Star I,2008.0,24,48.0,Vestas,V110-2.0,2000.0,80.0,110.0,9503.32,135.0,1,2020.0,3,3,4/19/2021,Digital Globe,-98.502594,32.327694
3016370,48-023763,,32676.0,56602.0,TX,Scurry County,48415,Snyder,2007.0,21,63.0,Vestas,V90-3.0,3000.0,105.0,90.0,6361.73,150.0,0,,3,3,11/26/2020,Digital Globe,-100.75399,32.743095
3050712,48-034696,2022-WTW-9149-OE,,59384.0,TX,Floyd County,48153,South Plains,2015.0,100,200.0,Vestas,V100-2.0,2000.0,80.0,100.0,7853.98,130.1,0,,3,3,11/25/2016,Digital Globe,-101.277443,34.056206
3057786,48-035144,2016-WTW-998-OE,,60087.0,TX,Floyd County,48153,South Plains II,2016.0,91,300.3,Vestas,V117-3.3,3300.0,91.5,117.0,10751.32,150.0,0,,3,3,11/25/2016,Digital Globe,-101.369759,34.210297
3027322,48-022212,2008-ASW-3195-OE,31833.0,56649.0,TX,Nolan County,48353,South Trent Mesa,2009.0,44,101.2,Siemens,SWT-2.3-82,2300.0,80.0,82.0,5281.02,121.0,0,,2,3,6/5/2017,Digital Globe,-100.235291,32.419693
3048526,48-031349,2013-WTW-847-OE,41852.0,58774.0,TX,Oldham County,48359,Spinning Spur 2,2014.0,87,160.95,GE Wind,GE1.85-87,1850.0,80.0,87.0,5944.68,123.4,0,,3,3,1/24/2017,Digital Globe,-102.58609,35.322193
3050301,48-034129,2014-WTW-1650-OE,,58775.0,TX,Oldham County,48359,Spinning Spur 3,2015.0,97,194.0,Vestas,V100-2.0,2000.0,80.0,100.0,7853.98,130.1,0,,3,3,1/24/2017,Digital Globe,-102.703918,35.290035
3045675,48-031093,2012-WTW-9887-OE,40984.0,57973.0,TX,Oldham County,48359,Spinning Spur Wind Ranch,2012.0,70,161.0,Siemens,SWT-2.3-101,2300.0,80.0,101.0,8011.85,130.5,0,,3,3,1/28/2017,Digital Globe,-102.396889,35.300392
3043507,48-020489,2012-WTW-10085-OE,43880.0,56644.0,TX,Martin County,48317,Stanton Energy Center,2008.0,80,120.0,GE Wind,GE1.5-77,1500.0,80.0,77.0,4656.63,118.6,0,,3,3,,Bing Maps Aerial,-101.81179,32.192993
3087551,48-145211,2015-WTW-13607-OE,,59063.0,TX,Kenedy County,48261,Stella,2018.0,67,201.0,Nordex,AW125/3000,3000.0,87.5,125.0,12271.85,150.0,0,,3,3,12/16/2018,Digital Globe,-97.568893,26.856977
3044545,48-031710,2012-WTW-5634-OE,,57983.0,TX,Borden County,48033,Stephens Ranch 1,2014.0,118,211.22,GE Wind,GE1.79-100,1790.0,80.0,100.0,7853.98,130.1,0,,3,3,12/31/2019,Digital Globe,-101.675232,32.877895
3044435,48-032019,2012-WTW-5524-OE,,57983.0,TX,Lynn County,48305,Stephens Ranch II,2015.0,92,164.68,GE Wind,GE1.79-100,1790.0,80.0,100.0,7853.98,130.1,0,,3,3,1/11/2017,Digital Globe,-101.68206,32.988914
3028544,48-021864,2008-WTW-2771-OE,40660.0,57326.0,TX,Moore County,48341,Sunray I,2009.0,7,10.5,GE Wind,GE1.5-77,1500.0,80.0,77.0,4656.63,118.6,0,,3,3,,Bing Maps Aerial,-101.877289,35.925095
3028530,48-022848,2008-WTW-2757-OE,40676.0,57326.0,TX,Moore County,48341,Sunray II,2009.0,26,39.0,GE Wind,GE1.5-77,1500.0,80.0,77.0,4656.63,118.6,0,,3,3,,Bing Maps Aerial,-101.899391,35.942394
3041438,48-025974,2011-WTW-774-OE,40635.0,57741.0,TX,Hartley County,48205,Suzlon Project VII,2011.0,2,4.2,Suzlon,S95,2100.0,90.0,95.0,7088.22,137.5,0,,3,3,1/1/2012,NAIP,-102.270988,35.749596
3076160,48-015679,2016-WTW-13362-OE,31732.0,56211.0,TX,Nolan County,48353,Sweetwater,2017.0,25,37.5,GE Wind,GE1.5-82.5,1500.0,80.0,82.5,5345.62,121.3,1,2017.0,2,3,7/24/2017,Digital Globe,-100.333336,32.382004
3024333,48-016749,2007-ASW-5372-OE,31185.0,56337.0,TX,Nolan County,48353,Sweetwater IVa,2007.0,135,135.0,Mitsubishi,MWT62/1.0,1000.0,69.0,61.4,2960.92,99.7,0,,3,3,1/28/2021,Digital Globe,-100.568092,32.298294
3024248,48-016461,2007-ASW-4910-OE,31045.0,56337.0,TX,Nolan County,48353,Sweetwater IVb,2007.0,46,105.8,Siemens,SWT-2.3-93,2300.0,80.0,93.0,6792.91,126.5,0,,3,3,1/28/2021,Digital Globe,-100.471191,32.286594
3080968,48-015165,2017-WTW-5539-OE,31321.0,56212.0,TX,Nolan County,48353,Sweetwater Phase II,2017.0,61,98.82,GE Wind,GE1.62-91,1620.0,80.0,91.0,6503.88,125.6,1,2017.0,2,3,9/12/2017,Digital Globe,-100.359207,32.308258
3105645,48-015513,2019-WTW-4269-OE,,56311.0,TX,Nolan County,48353,Sweetwater Phase III,2005.0,90,144.0,GE Wind,GE1.6-91,1600.0,80.0,91.0,6503.88,125.6,1,2020.0,3,3,4/9/2019,Digital Globe,-100.406853,32.282856
3024607,48-020084,2007-ASW-4643-OE,30700.0,56372.0,TX,Nolan County,48353,Sweetwater V,2007.0,35,80.5,Siemens,SWT-2.3-93,2300.0,80.0,93.0,6792.91,126.5,0,,3,3,1/28/2021,Digital Globe,-100.483391,32.236996
3086552,48-142871,2017-WTW-8008-OE,,61921.0,TX,Lynn County,48305,Tahoka Wind,2018.0,120,300.0,GE Wind,GE2.5-127,2500.0,89.0,127.0,12667.69,152.4,0,,3,3,10/29/2018,Digital Globe,-101.637215,33.146938
3025142,48-020891,2007-ASW-7438-OE,31636.0,,TX,Nolan County,48353,Texas Tech - Nolan,2008.0,1,2.0,DeWind,D8.2,2000.0,80.0,80.0,5026.55,120.1,0,,3,3,8/16/2017,Digital Globe,-100.526093,32.350197
3089382,48-147338,2018-WTW-7242-OE,,61969.0,TX,Duval County,48131,Torrecillas,2018.0,120,300.0,GE Wind,GE2.5-127,2500.0,89.0,127.0,12667.69,152.4,0,,3,3,11/3/2018,Digital Globe,-98.775482,27.640415
3085776,48-012153,2017-WTW-9963-OE,31843.0,55968.0,TX,Nolan County,48353,Trent Mesa,2001.0,83,124.5,GE Wind,GE1.5-82.5,1500.0,65.0,82.5,5345.62,106.4,1,2018.0,3,3,4/21/2018,Digital Globe,-100.229126,32.420921
3088516,,,,55968.0,TX,Nolan County,48353,Trent Mesa Repower,2001.0,17,29.17,GE Wind,GE1.7-100,1700.0,80.0,100.0,7853.98,130.1,1,2018.0,2,3,4/21/2018,Digital Globe,-100.153229,32.426571
3122855,48-025899,2017-WTW-9339-OE,41420.0,57520.0,TX,Archer County,48009,Trinity Hills,2012.0,90,198.0,Vestas,V110-2.2,2200.0,80.0,110.0,9503.32,135.0,1,2020.0,3,3,1/1/2012,NAIP,-98.709991,33.402096
3044922,48-022528,2012-WTW-7780-OE,30675.0,56774.0,TX,Nolan County,48353,Turkey Track,2008.0,113,169.5,GE Wind,GE1.5-77,1500.0,80.0,77.0,4656.63,118.6,0,,3,3,2/26/2019,Digital Globe,-100.19989,32.234997
3055580,48-036620,2015-WTW-8232-OE,,60502.0,TX,Cooke County,48097,Tyler Bluff,2016.0,52,125.58,Siemens,SWT-2.3-108,2415.0,80.0,108.0,9160.88,134.1,0,,3,3,10/30/2016,Digital Globe,-97.334572,33.692543
3083551,48-136706,2017-WTW-5295-OE,,61589.0,TX,Randall County,48381,UL Advanced Wind Turbine Test Facility,2018.0,1,3.57,Goldwind,GW136,3570.0,130.0,136.0,14526.72,198.1,0,,3,3,8/17/2019,Digital Globe,-101.790001,34.967331
3098967,,,,,TX,Randall County,48381,WTAMU,,1,0.06,Seaforth,,60.0,,13.4,141.26,,0,,1,3,8/17/2019,Digital Globe,-101.802505,34.965839
3057577,48-035946,2016-WTW-5278-OE,,58766.0,TX,Floyd County,48153,Wake,2016.0,150,257.25,GE Wind,GE1.715-103,1715.0,80.0,103.0,8332.29,131.4,0,,3,3,2/10/2017,Digital Globe,-101.130867,33.872173
3019673,48-026328,2006-ASW-3618-OE,40501.0,56834.0,TX,Carson County,48065,Wege Wind Farm,2008.0,8,10.0,Suzlon,S64,1250.0,72.0,64.0,3216.99,103.9,0,,3,3,11/10/2017,Digital Globe,-101.540092,35.350395
3109037,48-178057,2018-WTW-5716-OE,,62909.0,TX,Willacy County,48489,West Raymond,2021.0,108,234.4,Vestas,V110-2.0,2000.0,95.0,110.0,9503.32,150.0,0,,3,3,8/20/2021,Digital Globe,-97.835739,26.420202
3111486,48-184923,2021-WTW-1012-OE,,64149.0,TX,Baylor County,48023,Western Trail,2021.0,130,366.6,GE Wind,GE2.82-127,2820.0,89.0,127.0,12667.69,152.4,0,,3,3,10/22/2022,Digital Globe,-99.056503,33.825298
3019315,48-020011,2006-ASW-1909-OE,40370.0,56673.0,TX,Floyd County,48153,Whirlwind Energy Center,2007.0,26,59.8,Siemens,SWT-2.3-93,2300.0,80.0,93.0,6792.91,126.5,0,,3,3,,Bing Maps Aerial,-101.092094,34.091892
3114455,48-176551,2019-WTW-11107-OE,,64710.0,TX,Crockett County,48105,White Mesa,2021.0,180,507.6,GE Wind,GE2.82-127,2820.0,89.0,127.0,12667.69,152.4,0,,3,3,12/27/2021,Digital Globe,-101.274002,30.823717
3045668,48-031029,2012-WTW-9875-OE,42897.0,58021.0,TX,Webb County,48479,White Tail,2012.0,57,91.2,GE Wind,GE1.6-82.5,1600.0,80.0,82.5,5345.62,121.3,0,,3,3,4/14/2019,Digital Globe,-98.981995,27.483795
3113111,48-186863,2020-WTW-2776-OE,,62715.0,TX,Cooke County,48097,Wildcat Creek,2021.0,52,180.08,Siemens Gamesa Renewable Energy,SG-4.8-145,4800.0,79.5,145.0,16513.0,152.1,0,,3,3,1/21/2022,Digital Globe,-97.364151,33.540886
3089711,48-147314,2017-WTW-9103-OE,,61674.0,TX,Cochran County,48079,Wildcat Ranch,2018.0,67,150.59,GE Wind,GE2.3-116,2300.0,80.0,116.0,10568.32,138.1,0,,3,3,3/30/2018,Digital Globe,-102.837685,33.498806
3062673,48-016221,2018-WTW-3475-OE,40453.0,56432.0,TX,Oldham County,48359,Wildorado,2007.0,70,161.0,Siemens,SWT-2.3-93,2000.0,80.0,93.0,6792.91,126.5,0,,2,3,,Bing Maps Aerial,-102.326294,35.289192
3075816,48-133167,2016-WTW-10459-OE,,60901.0,TX,Haskell County,48207,Willow Springs Wind Farm,2017.0,100,250.0,GE Wind,GE2.5-116,2500.0,90.0,116.0,10568.32,148.1,0,,3,3,8/14/2018,Digital Globe,-99.64135,33.333843
3048047,48-032380,2013-WTW-3547-OE,,59238.0,TX,Archer County,48009,Windthorst-2,2014.0,28,64.4,Siemens,SWT-2.3-108,2300.0,80.0,108.0,9160.88,134.1,0,,3,3,11/13/2016,Digital Globe,-98.499733,33.483444
3111893,48-022041,2020-WTW-4280-OE,,58080.0,TX,Cooke County,48097,Wolf Ridge,2008.0,75,120.0,GE Wind,GE1.6-91,1600.0,80.0,91.0,6503.88,125.6,1,2020.0,3,3,8/20/2020,Digital Globe,-97.393387,33.722782
3090783,48-013044,2001-ASW-5022-OE,43048.0,55796.0,TX,Pecos County,48371,Woodward Mountain I,2001.0,125,82.5,Gamesa,G47-0.66,660.0,50.0,47.0,1734.94,73.5,1,2018.0,3,3,3/5/2021,Digital Globe,-102.456795,30.913895
3090404,48-011448,2000-ASW-4880-OE,43431.0,55795.0,TX,Pecos County,48371,Woodward Mountain II,2001.0,115,75.9,Vestas,V47-0.66,660.0,65.0,47.0,1734.94,88.4,1,2018.0,3,3,2/2/2021,Digital Globe,-102.365288,30.966894
3124902,,2021-WTW-7393-OE,,,TX,Young County,48503,Young Wind,2022.0,117,,,,,,,,,0,,1,3,10/26/2022,Digital Globe,-98.856178,33.098351
